"Guid","AssistantName","AssistantPhone","Birthdate","Department","Description","Email","EmailBouncedReason","Fax","FirstName","HomePhone","Jigsaw","LastName","LeadSource","MailingCity","MailingCountry","MailingGeocodeAccuracy","MailingLatitude","MailingLongitude","MailingPostalCode","MailingState","MailingStreet","MobilePhone","OtherCity","OtherCountry","OtherGeocodeAccuracy","OtherLatitude","OtherLongitude","OtherPhone","OtherPostalCode","OtherState","OtherStreet","Phone","ReportsToId","Salutation","Title"
03c66ff0-9f24-4db7-9252-ec6784be04e9,"#N/A","#N/A","#N/A","#N/A","#N/A",info@salesforce.com,"#N/A",(212) 555-5555,Howard,"#N/A","#N/A",Jones,"#N/A",New York,USA,"#N/A","#N/A","#N/A",31349,NY,10 Main Rd.,"#N/A","#N/A","#N/A","#N/A","#N/A","#N/A","#N/A","#N/A","#N/A","#N/A",(212) 555-5555,"#N/A","#N/A",Buyer
05342bf4-c595-435e-9f54-d4df525bb94b,"#N/A","#N/A","#N/A","#N/A","#N/A",info@salesforce.com,"#N/A",(212) 555-5555,Leanne,"#N/A","#N/A",Tomlin,"#N/A",New York,USA,"#N/A","#N/A","#N/A",31349,NY,10 Main Rd.,"#N/A","#N/A","#N/A","#N/A","#N/A","#N/A","#N/A","#N/A","#N/A","#N/A",(212) 555-5555,"#N/A","#N/A",VP Customer Support
0cc68102-b544-4a62-9f29-f8ceae2a8ccf,"#N/A","#N/A","#N/A","#N/A","#N/A","#N/A","#N/A","#N/A",name,"#N/A","#N/A",surname,"#N/A","#N/A","#N/A","#N/A","#N/A","#N/A","#N/A","#N/A","#N/A","#N/A","#N/A","#N/A","#N/A","#N/A","#N/A","#N/A","#N/A","#N/A","#N/A",123456,"#N/A",Ms.,"#N/A"
1e4fdb60-f623-4295-be7a-b6a0221d6e2c,"#N/A","#N/A","#N/A","#N/A","#N/A","#N/A","#N/A","#N/A",name1,"#N/A","#N/A",surname1,"#N/A","#N/A","#N/A","#N/A","#N/A","#N/A","#N/A","#N/A","#N/A","#N/A","#N/A","#N/A","#N/A","#N/A","#N/A","#N/A","#N/A","#N/A","#N/A",654321,"#N/A","#N/A","#N/A"
46bd7c61-a14e-4a13-ae23-4e602459e345,"#N/A","#N/A","#N/A","#N/A","Marc R. Benioff is chairman and CEO of salesforce.com. He founded the company in March 1999 with the idea to create an information utility that would make traditional enterprise software technology and business models obsolete. A veteran of 25 years in the software industry, he is now regarded as a pioneer of ""The End Of Software,"" demonstrating how on-demand applications can replace traditional software to deliver immediate benefit at reduced risk. In May 2003, Benioff was appointed by President George W. Bush as co-chair of the President's Information Technology Advisory Committee (PITAC), a bi-partisan organization of business leaders and academics charged to advise The President on how to maintain the United States' preeminent position in information technology.",info@salesforce.com,"#N/A",(415) 901-7040,Marc,"#N/A","#N/A",Benioff,"#N/A",San Francisco,USA,"#N/A","#N/A","#N/A",94105,CA,"The Landmark @ One Market, Suite 300","#N/A",San Francisco,USA,"#N/A","#N/A","#N/A","#N/A",94105,CA,"The Landmark @ One Market, Suite 300",(415) 901-7000,"#N/A",Mr.,Executive Officer
4ad08b1f-3055-4c9f-b140-691b74747253,"#N/A","#N/A","#N/A","#N/A","#N/A","#N/A","#N/A","#N/A","#N/A","#N/A","#N/A",qqq,"#N/A","#N/A","#N/A","#N/A","#N/A","#N/A","#N/A","#N/A","#N/A","#N/A","#N/A","#N/A","#N/A","#N/A","#N/A","#N/A","#N/A","#N/A","#N/A","#N/A","#N/A","#N/A","#N/A"
589dd15c-75aa-4624-8daf-39cc8aec722c,"#N/A","#N/A","#N/A","#N/A","#N/A","#N/A","#N/A","#N/A",Andreea,"#N/A","#N/A",X,"#N/A","#N/A","#N/A","#N/A","#N/A","#N/A","#N/A","#N/A","#N/A","#N/A","#N/A","#N/A","#N/A","#N/A","#N/A","#N/A","#N/A","#N/A","#N/A",353465768,"#N/A",Ms.,"#N/A"
76858d91-c037-4765-89d3-5405f3dc2297,"#N/A","#N/A","#N/A","#N/A","#N/A","#N/A","#N/A","#N/A",one,"#N/A","#N/A",two,"#N/A","#N/A","#N/A","#N/A","#N/A","#N/A","#N/A","#N/A","#N/A","#N/A","#N/A","#N/A","#N/A","#N/A","#N/A","#N/A","#N/A","#N/A","#N/A","#N/A","#N/A",Ms.,three
8c3483eb-6c70-4c7d-9447-d7f3d89eb0d6,"#N/A","#N/A","#N/A","#N/A","#N/A","#N/A","#N/A","#N/A",Luda,"#N/A","#N/A",X,"#N/A","#N/A","#N/A","#N/A","#N/A","#N/A","#N/A","#N/A","#N/A","#N/A","#N/A","#N/A","#N/A","#N/A","#N/A","#N/A","#N/A","#N/A","#N/A",123456,"#N/A",Ms.,"#N/A"
a2ceb81e-c8f9-4d56-acaf-9119b2a2762c,"#N/A","#N/A","#N/A","#N/A",Carole White is looking at moving forward with our products and will act as the champion for us.,info@salesforce.com,"#N/A","#N/A",Carole,"#N/A","#N/A",White,Employee Referral,Toronto,Canada,"#N/A","#N/A","#N/A",L4B 1Y3,Ontario,150 Chestnut Street,"#N/A","#N/A","#N/A","#N/A","#N/A","#N/A","#N/A","#N/A","#N/A","#N/A",(415) 555-1212,bcd1afe6-2621-4253-96bc-96a38efb7edd,"#N/A",VP Sales
bcd1afe6-2621-4253-96bc-96a38efb7edd,"#N/A","#N/A","#N/A","#N/A","#N/A",info@salesforce.com,"#N/A","#N/A",Geoff,"#N/A","#N/A",Minor,"#N/A",Toronto,Canada,"#N/A","#N/A","#N/A",L4B 1Y3,Ontario,150 Chestnut Street,"#N/A",Toronto,Canada,"#N/A","#N/A","#N/A","#N/A",L4B 1Y3,Ontario,150 Chestnut Street,(415) 555-1212,"#N/A","#N/A",President
be7a383d-773e-4f17-bf87-1bb8d9afa65e,"#N/A","#N/A","#N/A","#N/A","#N/A","#N/A","#N/A","#N/A","#N/A","#N/A","#N/A",ttt,"#N/A","#N/A","#N/A","#N/A","#N/A","#N/A","#N/A","#N/A","#N/A","#N/A","#N/A","#N/A","#N/A","#N/A","#N/A","#N/A","#N/A","#N/A","#N/A","#N/A","#N/A",Mr.,"#N/A"
d3933ad4-c11d-4b0a-9137-95262f3b4cca,"#N/A","#N/A","#N/A","#N/A","#N/A",info@salesforce.com,"#N/A",(212) 555-5555,Edward,"#N/A","#N/A",Stamos,"#N/A",New York City,USA,"#N/A","#N/A","#N/A",31349,NY,10 Main Rd.,"#N/A",New York City,USA,"#N/A","#N/A","#N/A","#N/A",31349,NY,10 Main Rd.,(212) 555-5555,"#N/A","#N/A",President and CEO
e63dcef9-83dd-48e6-968e-293b3b6cde93,"#N/A","#N/A","#N/A","#N/A","#N/A",info@salesforce.com,"#N/A",(555) 555-1212,Jon,"#N/A","#N/A",Amos,"#N/A",Toronto,Canada,"#N/A","#N/A","#N/A",L4B 1Y3,Ontario,150 Chestnut Street,"#N/A","#N/A","#N/A","#N/A","#N/A","#N/A","#N/A","#N/A","#N/A","#N/A",(905) 555-1212,a2ceb81e-c8f9-4d56-acaf-9119b2a2762c,"#N/A",Sales Manager
